{
  "AppleMCEReporterDisabler": {
    "versions": [
      {
        "links": {
          "debug": "https://github.com/acidanthera/bugtracker/files/3703498/AppleMCEReporterDisabler.kext.zip",
          "release": "https://github.com/acidanthera/bugtracker/files/3703498/AppleMCEReporterDisabler.kext.zip"
        },
        "hashes": {
          "debug": {
            "sha256": "470417c4958dd6ecb982182140a6b76cf85f847c15f1b0f6f59617d5abcc5f76"
          },
          "release": {
            "sha256": "470417c4958dd6ecb982182140a6b76cf85f847c15f1b0f6f59617d5abcc5f76"
          }
        }
      }
    ]
  },
  "AtherosE2200Ethernet": {
    "versions": [
      {
        "links": {
          "debug": "https://github.com/Mieze/AtherosE2200Ethernet/releases/download/2.2.2/AtherosE2200Ethernet-V2.2.2.zip",
          "release": "https://github.com/Mieze/AtherosE2200Ethernet/releases/download/2.2.2/AtherosE2200Ethernet-V2.2.2.zip"
        },
        "hashes": {
          "debug": {
            "sha256": "a50449953db3e3171f7645918c5f34fb3da7af0e0a9c7ec50b34550f5baf635a"
          },
          "release": {
            "sha256": "a50449953db3e3171f7645918c5f34fb3da7af0e0a9c7ec50b34550f5baf635a"
          }
        }
      }
    ]
  },
  "Getting-Started-With-ACPI": {
    "versions": [
      {
        "links": {
          "debug": "https://github.com/dortania/Getting-Started-With-ACPI/archive/refs/heads/master.zip",
          "release": "https://github.com/dortania/Getting-Started-With-ACPI/archive/refs/heads/master.zip"
        }
      }
    ]
  },
  "OcBinaryData": {
    "versions": [
      {
        "links": {
          "debug": "https://github.com/acidanthera/OcBinaryData/archive/refs/heads/master.zip",
          "release": "https://github.com/acidanthera/OcBinaryData/archive/refs/heads/master.zip"
        }
      }
    ]
  },
  "RadeonSensor": {
    "versions": [
      {
        "version": "0.3.1",
        "hashes": {
          "debug": {
            "sha256": "16c765cba88bb30c5cab46f9281903116b139307fd1a91f368998eb514bb3ae5"
          },
          "release": {
            "sha256":"16c765cba88bb30c5cab46f9281903116b139307fd1a91f368998eb514bb3ae5"
          }
        },
        "links": {
          "debug": "https://github.com/aluveitie/RadeonSensor/releases/download/0.3.1/RadeonSensor-0.3.1.zip",
          "release": "https://github.com/aluveitie/RadeonSensor/releases/download/0.3.1/RadeonSensor-0.3.1.zip"
        }
      }
    ]
  },
  "SmallTreeIntel82576": {
    "versions": [
      {
        "links": {
          "debug": "https://github.com/khronokernel/SmallTree-I211-AT-patch/releases/download/1.3.0/SmallTreeIntel82576.kext.zip",
          "release": "https://github.com/khronokernel/SmallTree-I211-AT-patch/releases/download/1.3.0/SmallTreeIntel82576.kext.zip"
        },
        "hashes": {
          "debug": {
            "sha256": "5fcced4fcd1e9f1b95012aca7cfd117f4eae13b525b215e740c851fda262fa6d"
          },
          "release": {
            "sha256": "5fcced4fcd1e9f1b95012aca7cfd117f4eae13b525b215e740c851fda262fa6d"
          }
        }
      }
    ]
  },
  "USBToolBox": {
    "versions": [
      {
        "version": "1.1.1",
        "links": {
          "debug": "https://github.com/USBToolBox/kext/releases/download/1.1.1/USBToolBox-1.1.1-DEBUG.zip",
          "release": "https://github.com/USBToolBox/kext/releases/download/1.1.1/USBToolBox-1.1.1-RELEASE.zip"
        },
        "hashes": {
          "debug": {
            "sha256": "5c545703d90e0cf288148a39787e3302d1d1c246981fa53d39d449d81b4536bd"
          },
          "release": {
            "sha256": "6e88bc00cf895620046b2850fa0bfe6d3e21385b6d1eaad86036468e59b664de"
          }
        }
      }
    ]
  }
}
