{
  "Getting-Started-With-ACPI": {
    "versions": [
      {
        "links": {
          "debug": "https://github.com/dortania/Getting-Started-With-ACPI/archive/refs/heads/master.zip",
          "release": "https://github.com/dortania/Getting-Started-With-ACPI/archive/refs/heads/master.zip"
        }
      }
    ]
  },
  "AppleMCEReporterDisabler": {
    "versions": [
      {
        "links": {
          "debug": "https://github.com/acidanthera/bugtracker/files/3703498/AppleMCEReporterDisabler.kext.zip",
          "release": "https://github.com/acidanthera/bugtracker/files/3703498/AppleMCEReporterDisabler.kext.zip"
        },
        "hashes": {
          "debug": {
            "sha256": "470417c4958dd6ecb982182140a6b76cf85f847c15f1b0f6f59617d5abcc5f76"
          },
          "release": {
            "sha256": "470417c4958dd6ecb982182140a6b76cf85f847c15f1b0f6f59617d5abcc5f76"
          }
        }
      }
    ]
  },
  "AtherosE2200Ethernet": {
    "versions": [
      {
        "links": {
          "debug": "https://github.com/Mieze/AtherosE2200Ethernet/releases/download/2.2.2/AtherosE2200Ethernet-V2.2.2.zip",
          "release": "https://github.com/Mieze/AtherosE2200Ethernet/releases/download/2.2.2/AtherosE2200Ethernet-V2.2.2.zip"
        },
        "hashes": {
          "debug": {
            "sha256": "a50449953db3e3171f7645918c5f34fb3da7af0e0a9c7ec50b34550f5baf635a"
          },
          "release": {
            "sha256": "a50449953db3e3171f7645918c5f34fb3da7af0e0a9c7ec50b34550f5baf635a"
          }
        }
      }
    ]
  },
  "SmallTreeIntel82576": {
    "versions": [
      {
        "links": {
          "debug": "https://github.com/khronokernel/SmallTree-I211-AT-patch/releases/download/1.3.0/SmallTreeIntel82576.kext.zip",
          "release": "https://github.com/khronokernel/SmallTree-I211-AT-patch/releases/download/1.3.0/SmallTreeIntel82576.kext.zip"
        },
        "hashes": {
          "debug": {
            "sha256": "5fcced4fcd1e9f1b95012aca7cfd117f4eae13b525b215e740c851fda262fa6d"
          },
          "release": {
            "sha256": "5fcced4fcd1e9f1b95012aca7cfd117f4eae13b525b215e740c851fda262fa6d"
          }
        }
      }
    ]
  },
  "USBToolBox": {
    "versions": [
      {
        "version": "1.0.1",
        "links": {
          "debug": "https://github.com/USBToolBox/kext/releases/download/1.1.0/USBToolBox-1.0.1-DEBUG.zip",
          "release": "https://github.com/USBToolBox/kext/releases/download/1.1.0/USBToolBox-1.0.1-RELEASE.zip"
        },
        "hashes": {
          "debug": {
            "sha256": "58b24231a49228aabb8bb96df1d47c8b8f4188be739d47f970616d7900723b90"
          },
          "release": {
            "sha256": "540a34fd83ab590b80fbf9d91ba6f4ae97acb05fa52840f8874ca0a08f8cd6a0"
          }
        }
      }
    ]
  },
  "VoodooI2C": {
    "versions": [
      {
        "version": "2.4.4",
        "hashes": {
          "debug": {
            "sha256": "83cca05be19525c6e27153ac6b5f47cef8ca82cc4204757c23ffe3efc0cf0db8"
          },
          "release": {
            "sha256": "4a335b0553961bdf7028a0264d50b7c8664dcfe32bccca908046b057c0997d32"
          }
        },
        "links": {
          "debug": "https://github.com/VoodooI2C/VoodooI2C/releases/download/2.4.4/VoodooI2C-Debug-Symbols-2.4.4.zip",
          "release": "https://github.com/VoodooI2C/VoodooI2C/releases/download/2.4.4/VoodooI2C-2.4.4.zip"
        }
      }
    ]
  },
  "SidecarFixup": {
    "latestSource": "https://github.com/acidanthera/SidecarFixup",
    "versions": [
      {
        "version": "1.0.2",
        "hashes": {
          "debug": {
            "sha256": "847907f3ddb7d2062a5dad4c16ab1f7752b33f4b85232c6d837666d690005212"
          },
          "release": {
            "sha256": "24f4a68fff83228bb9f7771f9292212dd8a4f6559b250dd7a9f4472a6d5eeba6"
          }
        },
        "links": {
          "debug": "https://github.com/acidanthera/SidecarFixup/releases/download/1.0.2/SidecarFixup-1.0.2-DEBUG.zip",
          "release": "https://github.com/acidanthera/SidecarFixup/releases/download/1.0.2/SidecarFixup-1.0.2-RELEASE.zip"
        }
      }
    ]
  },
  "RadeonSensor": {
    "versions": [
      {
        "version": "0.3.1",
        "hashes": {
          "debug": {
            "sha256": "16c765cba88bb30c5cab46f9281903116b139307fd1a91f368998eb514bb3ae5"
          },
          "release": {
            "sha256":"16c765cba88bb30c5cab46f9281903116b139307fd1a91f368998eb514bb3ae5"
          }
        },
        "links": {
          "debug": "https://github.com/aluveitie/RadeonSensor/releases/download/0.3.1/RadeonSensor-0.3.1.zip",
          "release": "https://github.com/aluveitie/RadeonSensor/releases/download/0.3.1/RadeonSensor-0.3.1.zip"
        }
      }
    ]
  },
  "OcBinaryData": {
    "versions": [
      {
        "links": {
          "debug": "https://github.com/acidanthera/OcBinaryData/archive/refs/heads/master.zip",
          "release": "https://github.com/acidanthera/OcBinaryData/archive/refs/heads/master.zip"
        }
      }
    ]
  }
}
