{
  "AcpiTest.efi": {
    "parent": "OpenCorePkg"
  },
  "AcpiTestApp.efi": {
    "parent": "OpenCorePkg"
  },
  "AirPortBrcm4360_Injector.kext": {
    "parent": "AirportBrcmFixup"
  },
  "AirPortBrcmNIC_Injector.kext": {
    "parent": "AirportBrcmFixup"
  },
  "AirportBrcmFixup.kext": {
    "parent": "AirportBrcmFixup"
  },
  "AppleALC.kext": {
    "parent": "AppleALC"
  },
  "AppleMCEReporterDisabler.kext": {
    "parent": "AppleMCEReporterDisabler"
  },
  "AtherosE2200Ethernet.kext": {
    "parent": "AtherosEthernetE2200"
  },
  "AudioDxe.efi": {
    "parent": "OpenCorePkg",
    "res_type": "driver"
  },
  "BOOTx64.efi": {
    "parent": "OpenCorePkg"
  },
  "BT4LEContinuityFixup.kext": {
    "parent": "BT4LEContinuityFixup"
  },
  "BiosVideo.efi": {
    "parent": "OpenCorePkg",
    "res_type": "driver"
  },
  "BlueToolFixup.kext": {
    "parent": "BrcmPatchRAM"
  },
  "BootKicker.efi": {
    "parent": "OpenCorePkg",
    "res_type": "tool"
  },
  "BrcmBluetoothInjector.kext": {
    "parent": "BrcmPatchRAM"
  },
  "BrcmFirmwareData.kext": {
    "parent": "BrcmPatchRAM"
  },
  "BrcmFirmwareRepo.kext": {
    "parent": "BrcmPatchRAM"
  },
  "BrcmNonPatchRAM.kext": {
    "parent": "BrcmPatchRAM"
  },
  "BrcmNonPatchRAM2.kext": {
    "parent": "BrcmPatchRAM"
  },
  "BrcmPatchRAM.kext": {
    "parent": "BrcmPatchRAM"
  },
  "BrcmPatchRAM2.kext": {
    "parent": "BrcmPatchRAM"
  },
  "BrcmPatchRAM3.kext": {
    "parent": "BrcmPatchRAM"
  },
  "BrightnessKeys.kext": {
    "parent": "BrightnessKeys"
  },
  "CPUFriend.kext": {
    "parent": "CPUFriend"
  },
  "ChipTune.efi": {
    "parent": "OpenCorePkg",
    "res_type": "tool"
  },
  "CleanNvram.efi": {
    "parent": "OpenCorePkg",
    "res_type": "tool"
  },
  "ControlMsrE2.efi": {
    "parent": "OpenCorePkg",
    "res_type": "tool"
  },
  "CpuTopologySync.kext": {
    "parent": "CpuTopologySync"
  },
  "CpuTscSync.kext": {
    "parent": "CpuTscSync"
  },
  "CrScreenshotDxe.efi": {
    "parent": "OpenCorePkg",
    "res_type": "driver"
  },
  "CryptoTest.efi": {
    "parent": "OpenCorePkg"
  },
  "CryptoTestApp.efi": {
    "parent": "OpenCorePkg"
  },
  "CsrUtil.efi": {
    "parent": "OpenCorePkg",
    "res_type": "tool"
  },
  "DataHubTest.efi": {
    "parent": "OpenCorePkg"
  },
  "DataHubTestApp.efi": {
    "parent": "OpenCorePkg"
  },
  "DebugEnhancer.kext": {
    "parent": "DebugEnhancer"
  },
  "ECEnabler.kext": {
      "parent": "ECEnabler"
  },
  "Ext4Dxe.efi": {
      "parent": "OpenCorePkg",
      "res_type": "driver"
  },
  "ExFatDxe.efi": {
    "parent": "OcBinaryData",
    "res_type": "driver"
  },
  "ExFatDxeLegacy.efi": {
    "parent": "OcBinaryData",
    "res_type": "driver"
  },
  "FeatureUnlock.kext": {
    "parent": "FeatureUnlock"
  },
  "GdbSyms.efi": {
    "parent": "OpenCorePkg"
  },
  "GopStop.efi": {
    "parent": "OpenCorePkg",
    "res_type": "tool"
  },
  "HfsPlus.efi": {
    "parent": "OcBinaryData",
    "res_type": "driver"
  },
  "HfsPlus32.efi": {
    "parent": "OcBinaryData",
    "res_type": "driver"
  },
  "HfsPlusLegacy.efi": {
    "parent": "OcBinaryData",
    "res_type": "driver"
  },
  "HibernationFixup.kext": {
    "parent": "HibernationFixup"
  },
  "HiiDatabase.efi": {
    "parent": "OpenCorePkg",
    "res_type": "driver"
  },
  "IntelBluetoothFirmware.kext": {
    "parent": "IntelBluetoothFirmware"
  },
  "IntelBluetoothInjector.kext": {
    "parent": "IntelBluetoothFirmware"
  },
  "InteBTPatcher.kext": {
    "parent": "IntelBluetoothFirmware"
  },
  "IntelMausi.kext": {
    "parent": "IntelMausi"
  },
  "KeyTester.efi": {
    "parent": "OpenCorePkg",
    "res_type": "tool"
  },
  "Lilu.kext": {
    "parent": "Lilu"
  },
  "MacHyperVSupport.kext": {
    "parent": "MacHyperVSupport"
  },
  "MmapDump.efi": {
    "parent": "OpenCorePkg",
    "res_type": "tool"
  },
  "NVMeFix.kext": {
    "parent": "NVMeFix"
  },
  "NoTouchID.kext": {
    "parent": "NoTouchID"
  },
  "NvmExpressDxe.efi": {
    "parent": "OpenCorePkg",
    "res_type": "driver"
  },
  "OpenCanopy.efi": {
    "parent": "OpenCorePkg",
    "res_type": "driver"
  },
  "OpenControl.efi": {
    "parent": "OpenCorePkg",
    "res_type": "tool"
  },
  "OpenCore.efi": {
    "parent": "OpenCorePkg"
  },
  "OpenHfsPlus.efi": {
    "parent": "OpenCorePkg",
    "res_type": "driver"
  },
  "OpenLinuxBoot.efi": {
    "parent": "OpenCorePkg",
    "res_type": "driver"
  },
  "OpenNtfsDxe.efi": {
    "parent": "OpenCorePkg",
    "res_type": "driver"
  },
  "OpenPartitionDxe.efi": {
    "parent": "OpenCorePkg",
    "res_type": "driver"
  },
  "OpenRuntime.efi": {
    "parent": "OpenCorePkg",
    "res_type": "driver"
  },
  "OpenShell.efi": {
    "parent": "OpenCorePkg",
    "res_type": "tool"
  },
  "OpenUsbKbDxe.efi": {
    "parent": "OpenCorePkg",
    "res_type": "driver"
  },
  "OpenVariableRuntimeDxe.efi": {
      "parent": "OpenCorePkg",
      "res_type": "driver"
  },
  "PavpProvision.efi": {
    "parent": "OpenCorePkg"
  },
  "PropertyTest.efi": {
    "parent": "OpenCorePkg"
  },
  "PropertyTestApp.efi": {
    "parent": "OpenCorePkg"
  },
  "Ps2KeyboardDxe.efi": {
    "parent": "OpenCorePkg",
    "res_type": "driver"
  },
  "Ps2MouseDxe.efi": {
    "parent": "OpenCorePkg",
    "res_type": "driver"
  },
  "RTCMemoryFixup.kext": {
    "parent": "RTCMemoryFixup"
  },
  "RadeonGadget.app": {
    "parent": "RadeonSensor"
  },
  "RadeonSensor.kext": {
    "parent": "RadeonSensor"
  },
  "RealtekRTL8111.kext": {
    "parent": "RealtekRTL8111"
  },
  "ResetNvramEntry.efi": {
    "parent": "OpenCorePkg",
    "res_type": "driver"
  },
  "ResetSystem.efi": {
    "parent": "OpenCorePkg",
    "res_type": "tool"
  },
  "RestrictEvents.kext": {
    "parent": "RestrictEvents"
  },
  "RtcRw.efi": {
    "parent": "OpenCorePkg",
    "res_type": "tool"
  },
  "SMCBatteryManager.kext": {
    "parent": "VirtualSMC"
  },
  "SMCDellSensors.kext": {
    "parent": "VirtualSMC"
  },
  "SMCLightSensor.kext": {
    "parent": "VirtualSMC"
  },
  "SMCProcessor.kext": {
    "parent": "VirtualSMC"
  },
  "SMCRadeonGPU.kext": {
    "parent": "RadeonSensor"
  },
  "SMCSuperIO.kext": {
    "parent": "VirtualSMC"
  },
  "SSDT-ALS0.aml": {
    "parent": "OpenCorePkg"
  },
  "SSDT-AWAC-DISABLE.aml": {
    "parent": "OpenCorePkg"
  },
  "SSDT-AWAC.aml": {
    "parent": "Getting-Started-With-ACPI"
  },
  "SSDT-BRG0.aml": {
    "parent": "OpenCorePkg"
  },
  "SSDT-CPUR.aml": {
    "parent": "Getting-Started-With-ACPI"
  },
  "SSDT-EC-DESKTOP.aml": {
    "parent": "Getting-Started-With-ACPI"
  },
  "SSDT-EC-LAPTOP.aml": {
    "parent": "Getting-Started-With-ACPI"
  },
  "SSDT-EC-USBX-DESKTOP.aml": {
    "parent": "Getting-Started-With-ACPI"
  },
  "SSDT-EC-USBX-LAPTOP.aml": {
    "parent": "Getting-Started-With-ACPI"
  },
  "SSDT-EC-USBX.aml": {
    "parent": "OpenCorePkg"
  },
  "SSDT-EC.aml": {
    "parent": "OpenCorePkg"
  },
  "SSDT-EHCx-DISABLE.aml": {
    "parent": "OpenCorePkg"
  },
  "SSDT-HV-CPU.aml": {
    "parent": "OpenCorePkg"
  },
  "SSDT-HV-PLUG.aml": {
    "parent": "OpenCorePkg"
  },
  "SSDT-HV-VMBUS.aml": {
    "parent": "OpenCorePkg"
  },
  "SSDT-IMEI-S.aml": {
    "parent": "Getting-Started-With-ACPI"
  },
  "SSDT-IMEI.aml": {
    "parent": "OpenCorePkg"
  },
  "SSDT-PLUG-DRTNIA.aml": {
    "parent": "Getting-Started-With-ACPI"
  },
  "SSDT-PLUG.aml": {
    "parent": "OpenCorePkg"
  },
  "SSDT-PMC.aml": {
    "parent": "OpenCorePkg"
  },
  "SSDT-PNLF-CFL.aml": {
    "parent": "Getting-Started-With-ACPI"
  },
  "SSDT-PNLF.aml": {
    "parent": "OpenCorePkg"
  },
  "SSDT-PNLFCFL.aml": {
    "parent": "OpenCorePkg"
  },
  "SSDT-RHUB.aml": {
    "parent": "Getting-Started-With-ACPI"
  },
  "SSDT-RTC0-RANGE-HEDT.aml": {
    "parent": "Getting-Started-With-ACPI"
  },
  "SSDT-RTC0-RANGE.aml": {
    "parent": "OpenCorePkg"
  },
  "SSDT-RTC0.aml": {
    "parent": "OpenCorePkg"
  },
  "SSDT-SBUS-MCHC.aml": {
    "parent": "OpenCorePkg"
  },
  "SSDT-UNC.aml": {
    "parent": "OpenCorePkg"
  },
  "SSDT-XOSI.aml": {
    "parent": "Getting-Started-With-ACPI"
  },
  "Shell.efi": {
    "parent": "OpenCorePkg"
  },
  "SmallTreeIntel82576.kext": {
    "parent": "SmallTreeIntel82576"
  },
  "SmbiosTest.efi": {
    "parent": "OpenCorePkg"
  },
  "SmbiosTestApp.efi": {
    "parent": "OpenCorePkg"
  },
  "TpmInfo.efi": {
    "parent": "OpenCorePkg",
    "res_type": "tool"
  },
  "ToggleSipEntry.efi": {
    "parent": "OpenCorePkg",
    "res_type": "driver"
  },
  "UEFIGraphicsFB.kext": {
    "parent": "UEFIGraphicsFB"
  },
  "USBToolBox.kext": {
    "parent": "USBToolBox"
  },
  "UsbMouseDxe.efi": {
    "parent": "OpenCorePkg",
    "res_type": "driver"
  },
  "VerifyMemOpt.efi": {
    "parent": "OpenCorePkg"
  },
  "VerifyMsrE2.efi": {
    "parent": "OpenCorePkg"
  },
  "VirtualSMC.kext": {
    "parent": "VirtualSMC"
  },
  "VoodooGPIO.kext": {
    "parent": "VoodooI2C"
  },
  "VoodooI2C.kext": {
    "parent": "VoodooI2C"
  },
  "VoodooI2CAtmelMXT.kext": {
    "parent": "VoodooI2C"
  },
  "VoodooI2CELAN.kext": {
    "parent": "VoodooI2C"
  },
  "VoodooI2CFTE.kext": {
    "parent": "VoodooI2C"
  },
  "VoodooI2CHID.kext": {
    "parent": "VoodooI2C"
  },
  "VoodooI2CServices.kext": {
    "parent": "VoodooI2C"
  },
  "VoodooI2CSynaptics.kext": {
    "parent": "VoodooI2C"
  },
  "VoodooInput.kext": {
    "parent": "VoodooInput"
  },
  "VoodooPS2Controller.kext": {
    "parent": "VoodooPS2"
  },
  "VoodooPS2Keyboard.kext": {
    "parent": "VoodooPS2"
  },
  "VoodooPS2Mouse.kext": {
    "parent": "VoodooPS2"
  },
  "VoodooPS2Trackpad.kext": {
    "parent": "VoodooPS2"
  },
  "VoodooRMI.kext": {
    "parent": "VoodooRMI"
  },
  "VoodooSMBus.kext": {
    "parent": "VoodooSMBus"
  },
  "RMII2C.kext": {
    "parent": "VoodooRMI"
  },
  "RMISMBus.kext": {
    "parent": "VoodooRMI"
  },
  "WhateverGreen.kext": {
    "parent": "WhateverGreen"
  },
  "XhciDxe.efi": {
    "parent": "OpenCorePkg",
    "res_type": "driver"
  },
  "btrfs_x64.efi": {
    "parent": "OcBinaryData",
    "res_type": "driver"
  },
  "ext4_x64.efi": {
    "parent": "OcBinaryData",
    "res_type": "driver"
  }
}
